"Title ID","Title","CurrentAchievements","Gamerscore","Progress","Devices","Genres"
"2076120890","Deep Rock Galactic: Survivor","300","2000/2000","100","PC, XboxSeries","Action & adventure, Shooter"
"1939160486","Dakar Desert Rally","55","1000/1000","100","XboxOne, XboxSeries","Racing & flying, Simulation, Sports"
"2139098715","Section 13","42","1000/1000","100","XboxSeries","Shooter, Action & adventure, Other"
"1848367053","Star Trucker","49","1000/1000","100","PC, XboxSeries","Simulation, Racing & flying"
"1842668909","Forza Motorsport","57","1000/1000","100","PC, XboxSeries","Racing & flying"
"810101074","Dead Cells","115","2430/2430","100","XboxOne, XboxSeries","Action & adventure, Platformer"
"1623187954","Rally Arcade Classics","18","1000/1000","100","XboxSeries","Sports, Racing & flying, Simulation"
"222473492","Cyberpunk 2077","57","1455/1455","100","XboxOne, XboxSeries","Role playing"
"2134693780","EVERSPACE™ 2","58","1940/1940","100","PC, XboxSeries","Action & adventure, Racing & flying, Shooter, Simulation"
"1480659607","Monaco: What's Yours is Mine","12","400/400","100","Xbox360, XboxOne, XboxSeries","Other, Action & Adventure"
"827416995","Pure Pool","51","1100/1100","100","XboxOne, XboxSeries","Action & adventure, Family & kids, Sports, Strategy, Other, Simulation"
"24798620","Overload","45","895/1000","90","XboxOne, XboxSeries","Action & adventure, Other, Shooter"
"409741425","Worms W.M.D","29","1000/1000","100","XboxOne, XboxSeries","Strategy"
"1645572933","Starlit Kart Racing","41","1000/1000","100","XboxOne, XboxSeries","Racing & flying"
"686647649","Feral Fury","29","1000/1000","100","XboxOne, XboxSeries","Action & adventure, Other, Shooter"
"1480657346","Perfect Dark","20","200/200","100","Xbox360, XboxOne, XboxSeries","Shooter, Classics"
"1480657354","Call of Duty® Classic","12","200/200","100","Xbox360","Classics"
"1096157137","Call of Duty® 2","13","1000/1000","100","Xbox360, XboxOne, XboxSeries","Action & Adventure, Shooter"
"1096157153","Call of Duty® 3","26","1000/1000","100","Xbox360, XboxOne, XboxSeries","Shooter"
"1096157158","Modern Warfare®","37","1000/1000","100","Xbox360, XboxOne, XboxSeries","Shooter, Action & Adventure"
"1431504972","Child of Eden","39","805/1000","80","Xbox360, XboxOne, XboxSeries","Music, Shooter, Kinect"
"1297287122","Kameo","47","1000/1000","100","Xbox360, XboxOne, XboxSeries","Action & Adventure, Family"
"1297287123","Perfect Dark Zero","50","1000/1000","100","Xbox360, XboxOne, XboxSeries","Action & Adventure, Shooter"
"1843641391","Quake","35","1000/1000","100","PC, XboxOne, XboxSeries","Shooter"
"1096157142","Quake 2","9","0/0","0","Xbox360","Action & Adventure, Shooter"
"1743049130","Quake II","13","1000/1000","100","PC, XboxOne, XboxSeries","Shooter"
"1480657096","Quake Arena Arcade","12","200/200","100","Xbox360, XboxOne, XboxSeries","Shooter, Action & Adventure"
"1096157138","QUAKE 4","30","555/1000","56","Xbox360","Shooter"
"1096157143","QUAKE 4","30","555/1000","56","Xbox360","Shooter"
"1413679057","DEAD OR ALIVE 4","39","770/1000","77","Xbox360, XboxOne, XboxSeries","Classics, Fighting"
"1908796053","NASCAR Heat 5","67","1000/1000","100","XboxOne, XboxSeries","Racing & flying, Sports"
"1708079118","NASCAR 21: Ignition","39","1000/1000","100","XboxOne, XboxSeries","Racing & flying, Sports"
"1297287125","Gears of War","57","1250/1250","100","Xbox360, XboxOne, XboxSeries","Shooter"
"1297287213","Gears of War 2","50","1000/1750","57","Xbox360, XboxOne, XboxSeries","Shooter"
"267850304","ATV Drift & Tricks Definitive Edition","20","1000/1000","100","PC, XboxOne, XboxSeries","Racing & flying, Sports"
"1431504852","Assassin's Creed","44","1000/1000","100","Xbox360, XboxOne, XboxSeries","Action & Adventure"
"1128466387","LOST PLANET","35","1000/1000","100","Xbox360, XboxOne, XboxSeries","Action & Adventure, Shooter"
"1480659986","Halo: Spartan Assault","28","400/400","100","Xbox360, XboxOne, XboxSeries","Action & Adventure, Shooter"
"1480659530","Tony Hawk's PS HD","16","400/400","100","Xbox360","Sports & Recreation"
"1096157140","American Wasteland","45","1000/1000","100","Xbox360","Action & Adventure, Sports & Recreation"
"1480657569","Yar's Revenge","12","200/200","100","Xbox360","Action & Adventure"
"1736252901","Lunar Lander Beyond","26","1000/1000","100","XboxOne, XboxSeries","Action & adventure, Platformer, Classics"
"1397032943","Condemned 2: Bloodshot","38","1000/1000","100","Xbox360","Shooter, Action & Adventure, Fighting"
"1852361446","Bloody Rally Show","41","1000/1000","100","XboxOne, XboxSeries","Action & adventure, Classics, Racing & flying, Simulation"
"2008767227","Brotato","114","1465/1465","100","PC, XboxOne, XboxSeries","Shooter, Action & adventure, Fighting, Role playing"
"2002349228","OVERPASS™","37","1000/1000","100","XboxOne, XboxSeries","Racing & flying, Simulation"
"1958257709","Overpass 2","28","1000/1000","100","XboxSeries","Racing & flying"
"2082493011","Gravity Oddity","33","1000/1000","100","XboxOne, XboxSeries","Action & adventure, Shooter, Platformer"
"283303390","Wreckfest","20","1000/1000","100","XboxOne, XboxSeries","Action & adventure, Racing & flying"
"836165876","The Ascent","66","1425/1425","100","PC, XboxOne, XboxSeries","Action & adventure, Role playing, Shooter"
"968775939","EVERSPACE™","33","1500/1500","100","PC, XboxOne, XboxSeries","Action & adventure, Racing & flying, Shooter, Simulation"
"2054685746","Mass Effect™ Legendary Edition","127","2915/2915","100","XboxOne, XboxSeries","Action & adventure, Classics, Role playing, Shooter, Strategy"
"1614221632","ExoCross","38","1000/1000","100","XboxOne, XboxSeries","Racing & flying"
"1307429766","Worms Battlegrounds","34","1250/1250","100","XboxOne, XboxSeries","Strategy, Simulation"
"939695563","Hotshot Racing","53","1090/1090","100","XboxOne, XboxSeries","Action & adventure, Racing & flying"
"1802207786","HOT WHEELS UNLEASHED™ - Windows Edition","53","1135/1135","100","PC","Family & kids, Racing & flying"
"1774172067","HOT WHEELS UNLEASHED™ 2 - Turbocharged","55","1180/1180","100","PC, XboxOne, XboxSeries","Racing & flying, Family & kids"
"812664807","Vostok Inc.","45","1000/1000","100","XboxOne, XboxSeries","Action & adventure, Other, Shooter, Strategy, Simulation"
"1622460124","Vostok 2061","22","1000/1000","100","XboxOne, XboxSeries","Shooter, Action & adventure, Other"
"1935779345","HyperDot","26","1000/1000","100","PC, XboxOne, XboxSeries","Action & adventure"
"545851415","All-Star Fruit Racing","45","1000/1000","100","XboxOne, XboxSeries","Action & adventure, Racing & flying"
"1060097466","Serious Sam Collection","51","1000/1000","100","XboxOne, XboxSeries","Action & adventure, Shooter"
"1641777228","Serious Sam 4","54","1000/1000","100","XboxSeries","Action & adventure, Shooter"
"2030118025","Serious Sam: Siberian Mayhem","49","1000/1000","100","XboxSeries","Action & adventure, Shooter"
"1480659944","How to Survive","12","400/400","100","Xbox360","Action & Adventure"
"1026512979","How to Survive: Storm Warning Edition","37","1000/1000","100","XboxOne, XboxSeries","Action & adventure"
"90991576","How To Survive 2","49","1000/1000","100","XboxOne, XboxSeries","Action & adventure"
"2094867598","XIII","40","1000/1000","100","PC, XboxOne, XboxSeries","Action & adventure, Shooter"
"2020422759","The Falconeer","29","1000/1000","100","PC, XboxOne, XboxSeries","Action & adventure, Racing & flying, Role playing, Shooter"
"1923260943","Power of Ten","50","1000/1000","100","XboxOne, XboxSeries","Action & adventure, Shooter"
"2047630271","Lunar Lander 2","0","0/0","0","XboxOne","Classics, Simulation"
"2126543080","New Star GP Demo","0","0/0","0","XboxOne, XboxSeries","Racing & flying, Simulation, Sports"
"667003203","Dogos","15","1000/1000","100","XboxOne, XboxSeries","Action & adventure, Shooter"
"810050544","Beach Buggy Racing","45","1000/1000","100","XboxOne, XboxSeries","Action & adventure, Racing & flying"
"2112388320","The Mobius Machine","26","1000/1000","100","XboxSeries","Action & adventure, Platformer, Shooter"
"1005790042","Resident Evil 7 Teaser: Beginning Hour","0","0/0","0","XboxOne, XboxSeries","Action & adventure"
"1060326183","Obliteracers","13","1000/1000","100","XboxOne, XboxSeries","Action & adventure, Racing & flying"
"1730652858","The Mobius Machine Demo","0","0/0","0","XboxSeries","Action & adventure, Platformer, Shooter"
"472512000","Resident Evil Revelations","55","1000/1000","100","XboxOne, XboxSeries","Action & adventure"
"1480660044","RE Revelations 2","43","1960/1960","100","Xbox360","Action & Adventure"
"1000604311","RESIDENT EVIL REVELATIONS 2 (Episode One)","43","1960/1960","100","XboxOne, XboxSeries","Action & adventure"
"217450018","LUMINES REMASTERED","29","1000/1000","100","PC, XboxOne, XboxSeries","Family & kids, Music, Puzzle & trivia"
"1819798709","Tetris® Effect: Connected","42","1000/1000","100","PC, XboxOne, XboxSeries","Puzzle & trivia"
"2028925271","Trepang2","49","1000/1000","100","PC, XboxSeries","Shooter, Action & adventure"
"2068980019","CarX Drift Racing Online","36","1000/1000","100","XboxOne, XboxSeries","Racing & flying, Simulation"
"1839636294","Cloudpunk - XBS/X","30","1000/1000","100","XboxSeries","Action & adventure, Other"
"1980358797","Cloudpunk","30","1000/1000","100","XboxOne, XboxSeries","Action & adventure, Other"
"2114927250","Brunswick Pro Billiards","15","1000/1000","100","XboxOne, XboxSeries","Sports"
"1873615541","Pool Blitz","20","1000/1000","100","PC, XboxOne, XboxSeries","Multi-player Online Battle Arena, Simulation, Sports"
"2085228810","EA SPORTS™ WRC","26","1000/1000","100","XboxSeries","Racing & flying, Simulation, Sports, Family & kids"
"2008403666","Dead Space","47","1000/1000","100","XboxSeries","Action & adventure, Role playing, Shooter"
"1894333860","WRC 8 FIA World Rally Championship Xbox One","43","1000/1000","100","XboxOne, XboxSeries","Racing & flying, Simulation"
"1900124001","WRC 10 FIA World Rally Championship Xbox One","46","1000/1000","100","XboxOne, XboxSeries","Racing & flying, Simulation"
"2076732337","Necromunda: Hired Gun (Windows)","48","1000/1000","100","PC","Action & adventure, Shooter"
"1480657142","Shadow Complex","12","200/200","100","Xbox360, XboxOne, XboxSeries","Shooter, Action & Adventure"
"285659276","Shadow Complex Remastered","39","1000/1000","100","PC","Platformer"
"1627160129","Circuit Superstars","33","1000/1000","100","XboxOne, XboxSeries","Racing & flying"
"1480656877","Geometry Wars Evolved","12","200/200","100","Xbox360, XboxOne, XboxSeries","Action & Adventure"
"1480657151","Geometry Wars Evolved²","12","200/200","100","Xbox360, XboxOne, XboxSeries","Action & Adventure"
"1480660051","Geometry Wars™ 3: Dimensions Evolved","30","1000/1000","100","Xbox360, XboxOne, XboxSeries","Action & Adventure, Shooter"
"945174237","Geometry Wars™ 3: Dimensions Evolved","30","1000/1000","100","XboxOne, XboxSeries","Action & adventure, Shooter"
"2116922454","Prodeus","30","1000/1000","100","PC, XboxOne, XboxSeries","Action & adventure, Shooter"
"1480657407","Plants vs. Zombies","12","200/200","100","Xbox360, XboxOne, XboxSeries","Action & Adventure, Strategy & Simulation"
"1801537563","F1® 2021","50","1000/1000","100","XboxOne, XboxSeries","Racing & flying, Simulation, Sports"
"47332937","Sublevel Zero Redux","27","1000/1000","100","XboxOne, XboxSeries","Action & adventure, Shooter"
"79963387","Forsaken Remastered","28","1000/1000","100","XboxOne, XboxSeries","Shooter"
"1792749432","Alan Wake Remastered","67","1500/1500","100","XboxOne, XboxSeries","Action & adventure, Shooter"
"1480659578","Pool Nation","20","400/400","100","Xbox360","Sports & Recreation"
"1375792807","Pool Nation FX","40","1000/1000","100","XboxOne, XboxSeries","Action & adventure, Sports"
"943719970","GRID","38","1315/1315","100","XboxOne, XboxSeries","Action & adventure, Racing & flying, Sports"
"1777668222","GRID Legends","90","1800/1800","100","XboxOne, XboxSeries","Racing & flying"
"446096627","Hard Reset Redux","54","1000/1000","100","XboxOne, XboxSeries","Action & adventure, Shooter"
"338090394","Dirt Rally","62","1000/1000","100","XboxOne, XboxSeries","Racing & flying, Sports, Strategy, Simulation"
"2056655762","Remnant: From the Ashes","50","1500/1500","100","PC, XboxOne, XboxSeries","Action & adventure, Role playing, Shooter"
"1911932812","DIRT 5","40","1800/1800","100","PC, XboxOne, XboxSeries","Racing & flying, Simulation, Sports"
"319577309","RAD","37","1000/1000","100","XboxOne, XboxSeries","Action & adventure"
"94171386","MXGP3","36","1000/1000","100","XboxOne, XboxSeries","Racing & flying, Simulation, Sports"
"1778851260","Oddworld: Stranger's Wrath HD","36","1000/1000","100","XboxOne, XboxSeries","Action & adventure, Shooter"
"1507365602","Sparkle Unleashed","12","1000/1000","100","XboxOne, XboxSeries","Action & adventure, Puzzle & trivia"
"1651248133","Metal: Hellsinger (Xbox Series X|S & PC)","28","1000/1000","100","PC, XboxSeries","Action & adventure, Music, Shooter"
"2058044275","I, AI (Xbox Series X|S)","20","1000/1000","100","XboxSeries","Action & adventure, Classics, Other, Platformer, Shooter"
"1986217968","I, AI","20","1000/1000","100","XboxOne, XboxSeries","Action & adventure, Classics, Other, Platformer, Shooter"
"1045960524","Metro Exodus","68","1500/1500","100","XboxOne, XboxSeries","Shooter"
"1967883584","Chorus","42","1000/1000","100","PC, XboxOne, XboxSeries","Action & adventure, Racing & flying, Shooter"
"1018418364","JYDGE","15","1000/1000","100","PC, XboxOne, XboxSeries","Action & adventure, Role playing, Shooter"
"617479290","Neon Chrome","14","1000/1000","100","PC","Shooter"
"1759610497","Rush Rally Origins","31","1000/1000","100","PC, XboxOne, XboxSeries","Action & adventure, Racing & flying, Simulation"
"1549589363","Velocity 2X","50","1000/1000","100","XboxOne, XboxSeries","Action & adventure, Platformer, Shooter"
"1833995435","ASTRO AQUA KITTY","36","1200/1200","100","XboxOne, XboxSeries","Action & adventure, Role playing, Shooter"
"531022146","AQUA KITTY UDX: Xbox One Ultra Edition","41","1000/1000","100","XboxOne, XboxSeries","Action & adventure, Family & kids, Shooter"
"1480656862","Worms","12","200/200","100","Xbox360","Strategy & Simulation, Classics"
"1480657170","Worms 2: Armageddon","25","350/350","100","Xbox360","Strategy & Simulation, Avatar"
"1480659600","Worms™ Revolution","34","450/450","100","Xbox360","Strategy & Simulation"
"331135949","DOOM Eternal (BATTLEMODE)","50","1545/1545","100","XboxOne, XboxSeries","Shooter"
"415563833","DiRT Rally 2.0","71","1585/1585","100","XboxOne, XboxSeries","Racing & flying, Simulation, Sports, Strategy"
"1877455960","art of rally","43","1000/1000","100","PC, XboxOne, XboxSeries","Racing & flying, Simulation"
"1480656888","LUMINES LIVE!","12","200/200","100","Xbox360, XboxOne, XboxSeries","Music, Puzzle & Trivia"
"1480659926","Giana Sisters: Twisted Dreams","12","400/400","100","Xbox360","Platformer, Action & Adventure, Classics"
"2045688705","Giana Sisters: Twisted Dreams - Director's Cut","17","1000/1000","100","XboxOne, XboxSeries","Platformer"
"1161889879","Dead Space™","48","1000/1000","100","Xbox360, XboxOne, XboxSeries","Action & Adventure"
"1161890137","Dead Space™ 2","50","1000/1000","100","Xbox360, XboxOne, XboxSeries","Action & Adventure"
"1161890015","Dead Space™ 2","58","1250/1250","100","Xbox360, XboxOne, XboxSeries","Action & Adventure"
"1161890205","Dead Space™ 3","58","1250/1250","100","Xbox360, XboxOne, XboxSeries","Action & Adventure, Kinect"
"1480657531","Dead Space™ Ignition","12","200/200","100","Xbox360, XboxOne, XboxSeries","Action & Adventure, Puzzle & Trivia"
"1480659508","SINE MORA™","12","200/200","100","Xbox360, XboxOne, XboxSeries","Shooter, Action & Adventure"
"528264958","Sine Mora EX","12","1000/1000","100","XboxOne, XboxSeries","Shooter"
"1741577221","R-Type® Final 2 Demo","0","0/0","0","XboxOne, XboxSeries","Shooter"
"902608","Sky Force Reloaded","29","1000/1000","100","XboxOne, XboxSeries","Action & adventure, Shooter"
"972210258","Sky Force Anniversary","26","1000/1000","100","XboxOne, XboxSeries","Action & adventure, Shooter"
"1297287892","Conker: Live and Reloaded","0","0/0","0","Xbox360, XboxOne, XboxSeries","Action & Adventure, Classics, Platformer, Shooter"
"1327376519","DOOM","54","1580/1580","100","XboxOne, XboxSeries","Shooter"
"1431504908","Prince of Persia","60","1250/1250","100","Xbox360, XboxOne, XboxSeries","Action & Adventure, Platformer"
"1480656997","Prince of Persia","12","200/200","100","Xbox360, XboxOne, XboxSeries","Classics"
"374621264","RESIDENT EVIL 2","44","1070/1070","100","PC, XboxOne, XboxSeries","Action & adventure"
"770775860","RESIDENT EVIL 3 for Windows","32","1000/1000","100","PC","Action & adventure"
"939455454","resident evil 4 (2005)","12","1000/1000","100","XboxOne, XboxSeries","Action & adventure"
"1128466460","Resident Evil 4","12","1000/1000","100","Xbox360","Action & Adventure"
"651668093","RESIDENT EVIL 7 biohazard","58","1620/1620","100","PC","Action & adventure"
"1480657658","Beyond Good & Evil HD","12","200/200","100","Xbox360, XboxOne, XboxSeries","Action & Adventure"
"60656359","SOMA","10","1000/1000","100","PC, XboxOne, XboxSeries","Action & adventure"
"1480656858","Mutant Storm Reloaded","11","165/200","82","Xbox360, XboxOne, XboxSeries","Action & Adventure, Shooter"
"1480656926","Mutant Storm Empire","12","200/200","100","Xbox360, XboxOne, XboxSeries","Action & Adventure, Shooter"
"914276891","RAGE 2","65","1435/1435","100","XboxOne, XboxSeries","Action & adventure, Shooter"
"1096157432","Destiny","41","1000/1250","80","Xbox360","Shooter"
"247546985","Destiny","41","1000/1500","67","XboxOne, XboxSeries","Shooter"
"1480657052","Poker Smash","11","180/200","90","Xbox360","Puzzle & Trivia"
"1480657242","Trials HD","18","300/300","100","Xbox360, XboxOne, XboxSeries","Action & Adventure, Racing & Flying"
"1480657581","Trials Evolution","36","600/600","100","Xbox360, XboxOne, XboxSeries","Platformer, Racing & Flying"
"1480659969","Trials Fusion™ ","46","1000/1000","100","Xbox360","Racing & Flying"
"1480656879","Zuma","12","200/200","100","Xbox360, XboxOne, XboxSeries","Puzzle & Trivia"
"1480659433","Zuma's Revenge!","20","400/400","100","Xbox360, XboxOne, XboxSeries","Action & Adventure, Puzzle & Trivia"
"1480657567","The Fancy Pants Adventures™","12","200/200","100","Xbox360","Platformer, Action & Adventure"
"1480656988","N+","12","200/200","100","Xbox360, XboxOne, XboxSeries","Action & Adventure, Platformer"
"1480659417","Puddle","12","200/200","100","Xbox360","Strategy & Simulation, Platformer, Puzzle & Trivia"
"1480657738","Bang Bang Racing","12","400/400","100","Xbox360","Sports & Recreation, Racing & Flying"
"1480656931","Defender","12","200/200","100","Xbox360","Classics"
"1480656850","Bejeweled 2","12","200/200","100","Xbox360, XboxOne, XboxSeries","Puzzle & Trivia"
"1480659414","Bejeweled 3","12","200/200","100","Xbox360, XboxOne, XboxSeries","Family, Puzzle & Trivia"
"1480657495","Bejeweled Blitz LIVE","12","200/200","100","Xbox360","Puzzle & Trivia"
"1480657201","South Park","12","200/200","100","Xbox360","Strategy & Simulation"
"1480657792","South Park: Tenorman's Revenge","20","200/200","100","Xbox360","Action & Adventure, Platformer"
"1480657051","CrazyMouse","12","200/200","100","Xbox360","Action & Adventure"
"1480657460","Crazy Taxi","12","200/200","100","Xbox360, XboxOne, XboxSeries","Action & Adventure, Racing & Flying, Classics"
"1480657655","Crazy Machines Elements","12","200/200","100","Xbox360","Strategy & Simulation, Puzzle & Trivia"
"1480659504","Mensa Academy","12","400/400","100","Xbox360","Family, Educational, Puzzle & Trivia"
"1480656869","RoboBlitz","12","200/200","100","Xbox360, XboxOne, XboxSeries","Action & Adventure"
"1480659501","Rock Band Blitz","32","500/500","100","Xbox360","Music, Strategy & Simulation"
"1480657562","Rock of Ages","12","200/200","100","Xbox360, XboxOne, XboxSeries","Action & Adventure, Platformer, Strategy & Simulation"
"1480657410","Rocket Knight®","12","200/200","100","Xbox360, XboxOne, XboxSeries","Platformer, Classics"
"1480657100","Rocket Riot","12","200/200","100","Xbox360","Action & Adventure"
"1480657013","RocketBowl","12","200/200","100","Xbox360","Sports & Recreation"
"1480657007","Rocketmen:Axis of Evil","15","250/250","100","Xbox360","Action & Adventure"
"1480657040","Rocky and Bullwinkle","12","200/200","100","Xbox360","Family, Other"
"1480659649","Pacific Rim","20","400/400","100","Xbox360","Fighting"
"1480656921","Rush'n Attack","12","200/200","100","Xbox360","Classics"
"1480657431","Rush’N Attack: Ex-Patriot ","12","200/200","100","Xbox360","Action & Adventure, Platformer"
"1480657329","Football Genius","12","200/200","100","Xbox360","Family, Sports & Recreation, Puzzle & Trivia"
"1480657452","SCOTT PILGRIM THE GAME","19","300/300","100","Xbox360","Fighting, Platformer"
"1480656918","Yie Ar Kung-Fu","12","200/200","100","Xbox360","Fighting, Classics"
"1480657060","SuperStreetFighter2THD","12","200/200","100","Xbox360","Classics"
"1480656937","Paperboy","12","200/200","100","Xbox360","Classics"
"1480659593","Pid","12","400/400","100","Xbox360","Platformer, Action & Adventure"
"1480656948","Pinball FX","15","250/250","100","Xbox360, XboxOne, XboxSeries","Other, Sports & Recreation"
"1480659485","Pinball Arcade","18","290/290","100","Xbox360","Strategy & Simulation, Classics"
"1480659907","Dungeons & Dragons: Chronicles of Mystara","24","400/400","100","Xbox360, XboxOne, XboxSeries","Action & Adventure"
"1480657570","Dungeons & Dragons Daggerdale","12","200/200","100","Xbox360","Action & Adventure, Role Playing"
"1480656991","Double Dragon","12","200/200","100","Xbox360","Classics"
"1480659597","Double Dragon II","12","400/400","100","Xbox360","Action & Adventure, Fighting"
"1480659538","Double Dragon Neon","30","400/400","100","Xbox360, XboxOne, XboxSeries","Action & Adventure"
"1480657135","Double D Dodgeball","12","200/200","100","Xbox360","Action & Adventure, Other"
"1480656956","Aegis Wing","12","200/200","100","Xbox360, XboxOne, XboxSeries","Action & Adventure"
"1480657000","Wing Commander™ Arena","12","200/200","100","Xbox360","Action & Adventure"
"1480660008","Valiant Hearts","20","400/400","100","Xbox360","Puzzle & Trivia"
"1480657268","Vandal Hearts: FoJ","12","200/200","100","Xbox360, XboxOne, XboxSeries","Role Playing"
"1480657076","MLB® Stickball","12","200/200","100","Xbox360","Sports & Recreation"
"1480657195","Merv Griffin's Xwords","12","200/200","100","Xbox360","Family"
"1480657549","DR2: CASE ZERO","12","200/200","100","Xbox360, XboxOne, XboxSeries","Action & Adventure"
"1480657696","DEAD RISING 2: CASE ZERO","12","200/200","100","Xbox360, XboxOne, XboxSeries","Action & Adventure"
"1480657597","DEAD RISING 2: CASE ZERO","12","200/200","100","Xbox360, XboxOne, XboxSeries","Action & Adventure"
"1480657664","DEAD RISING 2: CASE WEST","12","200/200","100","Xbox360, XboxOne, XboxSeries","Action & Adventure"
"1480657710","DEAD RISING 2: CASE WEST","12","200/200","100","Xbox360, XboxOne, XboxSeries","Action & Adventure"
"1480657709","DEAD RISING 2: CASE WEST","12","200/200","100","Xbox360, XboxOne, XboxSeries","Action & Adventure"
"1480657194","MEGA MAN 9","12","200/200","100","Xbox360, XboxOne, XboxSeries","Action & Adventure"
"1480657390","MEGA MAN 10","12","200/200","100","Xbox360, XboxOne, XboxSeries","Action & Adventure"
"1480660011","The Bluecoats - North vs South","26","1000/1000","100","Xbox360","Strategy & Simulation"
"1480657237","Banjo-Tooie","12","200/200","100","Xbox360, XboxOne, XboxSeries","Action & Adventure, Classics"
"1480657236","Banjo-Kazooie","12","200/200","100","Xbox360, XboxOne, XboxSeries","Platformer, Classics"
"1480659514","Girl Fight","18","400/400","100","Xbox360, XboxOne, XboxSeries","Fighting"
"1480659494","Scarygirl","12","200/200","100","Xbox360, XboxOne, XboxSeries","Platformer"
"1480659419","Skullgirls","12","200/200","100","Xbox360, XboxOne, XboxSeries","Fighting"
"1480659447","Minecraft: Xbox 360 Edition","93","2195/2195","100","Xbox360","Action & Adventure, Family"
"1480660126","Minecraft: Story Mode","50","1375/1375","100","Xbox360","Action & Adventure"
"1480660166","Minecraft: Story Mode - Season Two","30","1000/1000","100","Xbox360","Action & Adventure"
"1112737772","RAGE","60","1250/1250","100","Xbox360, XboxOne, XboxSeries","Action & Adventure, Shooter"
"1480659457","Rhythm Party","12","200/200","100","Xbox360","Music, Kinect"
"1480659548","Kinect Party - Base Game","20","400/400","100","Xbox360","Family, Kinect"
"1481115708","5 Micro Lab Challenge","8","50/50","100","Xbox360","Kinect"
"1481115701","Kinect Rush: Snapshot","7","50/50","100","Xbox360","Kinect"
"1481115671","Kinect Googly Eyes","8","50/50","100","Xbox360","Kinect"
"1481115668","Kinect Me","8","50/50","100","Xbox360","Kinect"
"1481115697","I Am Super!","7","50/50","100","Xbox360","Kinect"
"1481115672","Battle Stuff","8","50/50","100","Xbox360","Kinect"
"1481115678","Musical Feet","7","50/50","100","Xbox360","Kinect"
"1481115677","Mutation Station","8","50/50","100","Xbox360","Kinect"
"1481115675","Air Band","8","50/50","100","Xbox360","Kinect"
"1481115674","Avatar Kinect","8","50/50","100","Xbox360","Kinect"
"1481115666","Build A Buddy","8","50/50","100","Xbox360","Kinect"
"1481115667","Bobble Head","8","50/50","100","Xbox360","Kinect"
"1481115679","Junk Fu","8","50/50","100","Xbox360","Kinect"
"1481115670","Kinect Sparkler","8","50/50","100","Xbox360","Kinect"
"1480659630","Prize Driver","10","50/50","100","Xbox360","Family, Kinect"
"1480659635","Ping Pong","10","50/50","100","Xbox360","Family, Kinect"
"1480659633","Field Goal Contest","10","50/50","100","Xbox360","Family, Kinect"
"1480659638","3 Point Contest","10","50/50","100","Xbox360","Family, Kinect"
"1480659631","10 Frame Bowling","10","50/50","100","Xbox360","Family, Kinect"
"1480659617","Ski Race","10","50/50","100","Xbox360","Family, Kinect"
"1480659634","Penalty Saver","10","50/50","100","Xbox360","Family, Kinect"
"1480659637","Reaction Rally","10","50/50","100","Xbox360","Family, Kinect"
"1480659636","Boxing Fight","10","50/50","100","Xbox360","Family, Kinect"
"1480659628","Darts Vs Zombies","10","50/50","100","Xbox360","Family, Kinect"
"1481115702","Mars Rover Landing","8","50/50","100","Xbox360","Kinect"
"394264544","Trials® Rising - CLOSED BETA","0","0/0","0","XboxOne","Racing & flying"
"1480657470","Dream Chronicles™","12","200/200","100","Xbox360","Puzzle & Trivia"
"1480660047","Jet Car Stunts","12","400/400","100","Xbox360","Racing & Flying"
"1480656891","Jetpac Refuelled","12","200/200","100","Xbox360, XboxOne, XboxSeries","Classics, Platformer"
"1480657263","Space Ark","12","200/200","100","Xbox360, XboxOne, XboxSeries","Action & Adventure, Family"
"1480657485","Space Invaders: IG","12","200/200","100","Xbox360, XboxOne, XboxSeries","Shooter"
"1480657302","Space Invaders Extreme","12","200/200","100","Xbox360","Shooter"
"1480657465","Space Channel 5 Part 2","12","200/200","100","Xbox360","Family, Music, Classics"
"1480657641","Happy Wars","36","600/600","100","Xbox360","Other, Action & Adventure"
"1480657068","Happy Tree Friends","12","200/200","100","Xbox360","Puzzle & Trivia"
"1480659443","Double Fine Happy Action Theater","15","200/200","100","Xbox360","Family, Kinect"
"1480656915","Frogger","12","200/200","100","Xbox360, XboxOne, XboxSeries","Classics"
"1480657020","Frogger® 2","12","200/200","100","Xbox360, XboxOne, XboxSeries","Action & Adventure"
"1480659449","Frogger: Hyper Arcade Edition","12","200/200","100","Xbox360","Classics"
"1480659536","Planets Under Attack","21","400/400","100","Xbox360, XboxOne, XboxSeries","Strategy & Simulation"
"1480657099","Defense Grid","22","300/300","100","Xbox360, XboxOne, XboxSeries","Strategy & Simulation"
"1480659577","Defense Technica","12","400/400","100","Xbox360","Strategy & Simulation"
"1480657719","Defenders of Ardania","12","200/200","100","Xbox360","Strategy & Simulation"
"1480656859","Outpost Kaloki X","12","200/200","100","Xbox360, XboxOne, XboxSeries","Strategy & Simulation"
"1480657014","Ecco the Dolphin","12","200/200","100","Xbox360","Classics"
"1480656996","Sonic The Hedgehog","12","200/200","100","Xbox360, XboxOne, XboxSeries","Classics"
"1480656995","Sonic The Hedgehog 2","12","200/200","100","Xbox360, XboxOne, XboxSeries","Classics"
"1480657315","Sonic The Hedgehog 3","12","200/200","100","Xbox360, XboxOne, XboxSeries","Classics"
"1480657348","Sonic & Knuckles","12","200/200","100","Xbox360, XboxOne, XboxSeries","Classics"
"1480659614","Sonic the Fighters","12","400/400","100","Xbox360, XboxOne, XboxSeries","Fighting"
"1480657775","Sega Vintage Collection: Golden Axe","12","400/400","100","Xbox360, XboxOne, XboxSeries","Action & Adventure, Platformer, Classics"
"1480659532","SVC: ToeJam & Earl","24","400/400","100","Xbox360, XboxOne, XboxSeries","Action & Adventure, Racing & Flying, Classics"
"1480657778","Sega Vintage Collection: Monster World","12","200/200","100","Xbox360, XboxOne, XboxSeries","Action & Adventure, Platformer, Classics"
"1480657777","Sega Vintage Collection: Streets of Rage","12","400/400","100","Xbox360, XboxOne, XboxSeries","Action & Adventure, Fighting, Platformer, Classics"
"1480657776","Sega Vintage Collection: Alex Kidd & Co.","12","200/200","100","Xbox360, XboxOne, XboxSeries","Action & Adventure, Racing & Flying, Classics"
"1590411380","Mass Effect™: Andromeda","56","1000/1000","100","XboxOne, XboxSeries","Role playing"
"1480657159","EnclevermentExperiment","12","200/200","100","Xbox360, XboxOne, XboxSeries","Family, Educational"
"1480656920","Contra","12","200/200","100","Xbox360, XboxOne, XboxSeries","Classics"
"1480656922","Super Contra","12","200/200","100","Xbox360, XboxOne, XboxSeries","Classics"
"1480659976","Castlevania: LoS - Mirror of Fate HD","23","400/400","100","Xbox360, XboxOne, XboxSeries","Action & Adventure"
"1480657530","Castlevania HD","12","200/200","100","Xbox360, XboxOne, XboxSeries","Action & Adventure"
"1480656967","Castlevania: SOTN","12","200/200","100","Xbox360, XboxOne, XboxSeries","Classics, Action & Adventure"
"1480657053","悪魔城ドラキュラX 月下の夜想曲","12","200/200","100","Xbox360, XboxOne, XboxSeries","Action & Adventure"
"1480657539","SEGA Bass Fishing","12","200/200","100","Xbox360, XboxOne, XboxSeries","Sports & Recreation, Action & Adventure, Classics, Family"
"1480659955","Final Exam","16","400/400","100","Xbox360","Action & Adventure"
"1480657105","KOF98UM","12","200/200","100","Xbox360, XboxOne, XboxSeries","Classics"
"1480657325","KOF2002UM","12","200/200","100","Xbox360, XboxOne, XboxSeries","Classics"
"1480657326","KOF SKY STAGE","12","200/200","100","Xbox360, XboxOne, XboxSeries","Shooter"
"1480657506","Shank","12","200/200","100","Xbox360","Action & Adventure"
"1480659468","Shank™2","20","200/200","100","Xbox360, XboxOne, XboxSeries","Action & Adventure, Fighting"
"1297287601","Halo: Combat Evolved Anniversary","44","1000/1000","100","Xbox360, XboxOne, XboxSeries","Shooter, Kinect"
"1297287142","Halo 3","79","1750/1750","100","Xbox360, XboxOne, XboxSeries","Shooter"
"1297287287","Halo 3: ODST Campaign Edition","47","1000/1000","100","Xbox360, XboxOne, XboxSeries","Shooter"
"1297287259","Halo: Reach","69","1700/1700","100","Xbox360, XboxOne, XboxSeries","Shooter"
"1297287449","Halo 4","86","2000/2000","100","Xbox360, XboxOne, XboxSeries","Shooter"
"1480657749","Who Wants To Be A Millionaire? Special Editions ","12","200/200","100","Xbox360","Family"
"1480659939","Who Wants To Be A Millionaire? ","12","400/400","100","Xbox360","Family"
"1480657238","Tower Bloxx Deluxe","12","200/200","100","Xbox360, XboxOne, XboxSeries","Puzzle & Trivia, Family"
"1480657557","Iron Brigade","23","250/250","100","Xbox360, XboxOne, XboxSeries","Action & Adventure, Shooter"
"1480659436","NBA JAM: On Fire Edition","12","200/200","100","Xbox360, XboxOne, XboxSeries","Sports & Recreation"
"1480657049","Domino Master","12","200/200","100","Xbox360, XboxOne, XboxSeries","Card & Board"
"1480657136","Age of Booty","12","200/200","100","Xbox360, XboxOne, XboxSeries","Strategy & Simulation, Avatar"
"1480659549","Phantom Breaker:Battle Grounds","46","1000/1000","100","Xbox360, XboxOne, XboxSeries","Action & Adventure"
"1480660120","Goat Simulator","85","2375/2375","100","Xbox360, XboxOne, XboxSeries","Action & Adventure"
"1480660141","Mmore Goatz Edition","30","1000/1000","100","Xbox360","Action & Adventure"
"1480659621","Brothers","12","400/400","100","Xbox360","Action & Adventure"
"1480657521","Doritos Crash Course","15","300/300","100","Xbox360, XboxOne, XboxSeries","Platformer, Racing & Flying, Avatar"
"1480659535","Crash Course 2","28","400/400","100","Xbox360","Action & Adventure, Platformer"
"1480656961","3D Ultra™ Minigolf","12","200/200","100","Xbox360, XboxOne, XboxSeries","Sports & Recreation"
"1480657467","3D Ultra MiniGolf 2","12","200/200","100","Xbox360","Sports & Recreation"
"1480660155","Batman: The Telltale Series","30","1000/1000","100","Xbox360","Action & Adventure"
"1480660033","Blackgate Deluxe Ed.","30","400/400","100","Xbox360","Action & Adventure"
"1480656957","Soltrio Solitaire","12","200/200","100","Xbox360, XboxOne, XboxSeries","Card & Board"
"1480657198","Yo-Ho Kablammo","12","200/200","100","Xbox360","Action & Adventure, Family"
"1480659581","Naughty Bear Panic in Paradise","30","400/400","100","Xbox360","Action & Adventure"
"1480657800","Scene It? Movie Night","12","200/200","100","Xbox360","Family, Puzzle & Trivia"
"1480659906","TMNT: OOTS","30","400/400","100","Xbox360","Action & Adventure"
"1480657362","Turtles In Time RS","12","200/200","100","Xbox360","Puzzle & Trivia"
"1480659422","The Walking Dead","48","600/600","100","Xbox360, XboxOne, XboxSeries","Action & Adventure"
"1480659987","The Walking Dead: Season Two","40","500/500","100","Xbox360, XboxOne, XboxSeries","Action & Adventure"
"1480660146","The Walking Dead: Michonne - Episode 1","21","1000/1000","100","Xbox360, XboxOne, XboxSeries","Action & Adventure"
"1480656883","UNO","12","200/200","100","Xbox360","Card & Board, Avatar"
"1480657050","UNO RUSH™","12","200/200","100","Xbox360","Avatar, Card & Board, Family"
"1480656851","Hardwood Hearts","12","200/200","100","Xbox360, XboxOne, XboxSeries","Card & Board, Avatar"
"1480656868","Hardwood Spades","12","200/200","100","Xbox360, XboxOne, XboxSeries","Card & Board, Avatar"
"1480656866","Hardwood Backgammon","12","200/200","100","Xbox360, XboxOne, XboxSeries","Card & Board, Avatar"
"1480660117","Masquerade","30","1000/1000","100","Xbox360","Action & Adventure"
"1480659950","R.I.P.D.: The Game","15","400/400","100","Xbox360","Shooter"
"1480657786","Bloodforge","30","400/400","100","Xbox360, XboxOne, XboxSeries","Action & Adventure, Fighting"
"1480659616","Max: The Curse of Brotherhood","27","400/400","100","Xbox360","Action & Adventure, Platformer"
"1480660062","Max: The Curse of Brotherhood","27","400/400","100","Xbox360","Action & Adventure, Platformer"
"1480659977","Foul Play","30","400/400","100","Xbox360, XboxOne, XboxSeries","Action & Adventure"
"1480659610","CastleStorm","46","600/600","100","Xbox360, XboxOne, XboxSeries","Strategy & Simulation, Action & Adventure"
"1480660064","RISK","20","1000/1000","100","Xbox360","Card & Board"
"1480660065","Risk Urban Assault","20","1000/1000","100","Xbox360","Card & Board"
"1480657427","RISK Factions","12","200/200","100","Xbox360","Card & Board"
"1480657295","Splosion Man","12","200/200","100","Xbox360, XboxOne, XboxSeries","Action & Adventure, Platformer"
"1480657689","Ms. Splosion Man™","12","200/200","100","Xbox360, XboxOne, XboxSeries","Action & Adventure, Platformer"
"1480656928","Buku Sudoku","12","200/200","100","Xbox360","Puzzle & Trivia"
"1480657183","Buku Números","12","200/200","100","Xbox360","Puzzle & Trivia"
"1480657182","Buku数字パズル","12","200/200","100","Xbox360","Puzzle & Trivia"
"1480657152","5th Grader","12","200/200","100","Xbox360, XboxOne, XboxSeries","Family"
"1480659910","DuckTales: Remastered","20","400/400","100","Xbox360, XboxOne, XboxSeries","Platformer, Action & Adventure"
"1480659510","Sacred Citadel","35","500/500","100","Xbox360, XboxOne, XboxSeries","Action & Adventure"
"1480659908","Orc Attack","14","400/400","100","Xbox360","Action & Adventure, Fighting"
"1480659435","Orcs Must Die!","12","200/200","100","Xbox360, XboxOne, XboxSeries","Strategy & Simulation, Action & Adventure"
"1480656894","Assault Heroes","12","200/200","100","Xbox360","Action & Adventure, Shooter"
"1480657091","Assault Heroes 2","12","200/200","100","Xbox360, XboxOne, XboxSeries","Action & Adventure"
"1129121755","DiRT™","49","1000/1000","100","Xbox360","Strategy & Simulation, Racing & Flying, Sports & Recreation"
"1129121817","DiRT 2","47","1000/1000","100","Xbox360","Strategy & Simulation, Racing & Flying, Sports & Recreation"
"1129121853","DiRT 3","60","1250/1250","100","Xbox360, XboxOne, XboxSeries","Racing & Flying, Sports & Recreation"
"1480657525","Rotastic","12","200/200","100","Xbox360","Action & Adventure, Platformer, Family"
"1480657209","FLOCK!","12","200/200","100","Xbox360, XboxOne, XboxSeries","Action & Adventure"
"1480657366","Fret Nice","12","200/200","100","Xbox360, XboxOne, XboxSeries","Platformer, Action & Adventure"
"1480657084","Mr. DRILLER Online","12","200/200","100","Xbox360, XboxOne, XboxSeries","Action & Adventure"
"1128466388","RESIDENT EVIL 5","50","1000/1400","71","Xbox360","Action & Adventure"
"1480657156","SOULCALIBUR","12","200/200","100","Xbox360, XboxOne, XboxSeries","Action & Adventure, Classics"
"1480659985","SOULCALIBUR II HD","30","400/400","100","Xbox360, XboxOne, XboxSeries","Fighting"
"1480660039","The Legend of Korra™","30","1000/1000","100","Xbox360","Action & Adventure, Fighting"
"1480660127","Goosebumps: The Game","40","1000/1000","100","Xbox360","Other, Action & Adventure, Puzzle & Trivia"
"1480660104","Game of Thrones ","48","1000/1000","100","Xbox360","Action & Adventure"
"1480660059","Trivial Pursuit Live!","15","1000/1000","100","Xbox360","Family, Card & Board"
"1480660112","DW: Battlegrounds","50","1000/1000","100","Xbox360","Shooter"
"1480660030","Guncraft: Blocked and Loaded","30","1000/1000","100","Xbox360","Action & Adventure"
"1480660105","JUJU","19","1000/1000","100","Xbox360, XboxOne, XboxSeries","Platformer"
"1480657046","Puzzle Quest","15","250/250","100","Xbox360, XboxOne, XboxSeries","Puzzle & Trivia"
"1480657468","Puzzle Quest 2","12","200/200","100","Xbox360, XboxOne, XboxSeries","Role Playing, Puzzle & Trivia"
"1480657179","Puzzle Quest Galactrix","12","200/200","100","Xbox360, XboxOne, XboxSeries","Puzzle & Trivia"
"1480659931","Marvel Puzzle Quest","12","1000/1000","100","Xbox360","Role Playing, Puzzle & Trivia"
"1480660092","Life Is Strange Episode 1","60","1000/1000","100","Xbox360","Other, Action & Adventure"
"1480660026","Tales from the Borderlands","35","1000/1000","100","Xbox360","Action & Adventure"
"1480657283","Crimson Alliance™","15","250/250","100","Xbox360","Action & Adventure, Role Playing"
"1480659960","Fireburst","12","400/400","100","Xbox360","Racing & Flying"
"1480657529","Costume Quest","20","250/250","100","Xbox360, XboxOne, XboxSeries","Action & Adventure, Role Playing"
"1480660050","Costume Quest 2","18","1000/1000","100","Xbox360, XboxOne, XboxSeries","Action & Adventure"
"1480657543","The UnderGarden","15","250/250","100","Xbox360","Puzzle & Trivia, Platformer"
"1480657804","Wreckateer ","40","600/600","100","Xbox360","Action & Adventure, Kinect"
"1480659958","Doodle Jump for Kinect™","12","400/400","100","Xbox360","Kinect, Platformer"
"1480659975","Freefall Racers","20","400/400","100","Xbox360","Racing & Flying, Kinect"
"1480657785","Fruit Ninja Kinect ","21","350/350","100","Xbox360","Action & Adventure, Family, Kinect"
"1480657716","Haunt","12","200/200","100","Xbox360","Action & Adventure, Family, Kinect"
"1480659516","Mini Ninjas Adventures","12","400/400","100","Xbox360","Kinect, Action & Adventure"
"1481115648","Xbox LIVE Labs","3","0/0","0","Xbox360","Other"
"1480657802","Dragon's Lair","12","200/200","100","Xbox360, XboxOne, XboxSeries","Action & Adventure, Classics, Kinect"
"1480659489","Runner2","26","400/400","100","Xbox360, XboxOne, XboxSeries","Platformer"
"1480657258","Hydro Thunder","15","250/250","100","Xbox360, XboxOne, XboxSeries","Racing & Flying, Sports & Recreation"
"1480657813","Babel Rising","12","200/200","100","Xbox360, XboxOne, XboxSeries","Action & Adventure, Kinect"
"1480657115","A Kingdom for Keflings","12","200/200","100","Xbox360, XboxOne, XboxSeries","Avatar, Family, Strategy & Simulation"
"1480657371","A World of Keflings ","21","450/450","100","Xbox360, XboxOne, XboxSeries","Avatar, Strategy & Simulation, Family"
"1480659973","Syberia","13","1000/1000","100","Xbox360, XboxOne, XboxSeries","Action & Adventure"
"1480659974","Syberia 2","13","1000/1000","100","Xbox360","Action & Adventure"
"1480660049","Chivalry","40","1000/1000","100","Xbox360","Fighting"
"1480660056","MONOPOLY DEAL","15","1000/1000","100","Xbox360, XboxOne, XboxSeries","Family, Card & Board"
"1480660055","MONOPOLY PLUS","15","1000/1000","100","Xbox360, XboxOne, XboxSeries","Card & Board, Family"
"1480660110","Monster Jam Battlegrounds","30","1000/1000","100","Xbox360","Strategy & Simulation, Sports & Recreation"
"1480660067","Toybox Turbos","16","1000/1000","100","Xbox360, XboxOne, XboxSeries","Family, Racing & Flying"
"1480657679","Motocross Madness","36","500/500","100","Xbox360, XboxOne, XboxSeries","Racing & Flying, Sports & Recreation"
"1480659520","Mad Riders","15","250/250","100","Xbox360","Racing & Flying"
"1480659932","Anna - Extended Edition","15","400/400","100","Xbox360","Action & Adventure"
"1480660016","Slender: The Arrival","20","400/400","100","Xbox360, XboxOne, XboxSeries","Action & Adventure"
"1480656887","Mad Tracks","12","200/200","100","Xbox360, XboxOne, XboxSeries","Sports & Recreation, Racing & Flying"
"1480657757","Burnout™ Crash!","20","200/200","100","Xbox360","Kinect, Action & Adventure"
"1480659911","STRIDER","30","400/400","100","Xbox360","Action & Adventure"
"1480657453","MOON DIVER","12","200/200","100","Xbox360, XboxOne, XboxSeries","Action & Adventure"
"1480657289","CRYSTAL DEFENDERS","12","200/200","100","Xbox360, XboxOne, XboxSeries","Strategy & Simulation"
"1480660038","Guacamelee! STCE","30","1000/1000","100","Xbox360","Action & Adventure"
"1480657762","Mortal Kombat Arcade","12","200/200","100","Xbox360","Classics, Fighting"
"1480656947","Ultimate MK3","12","200/200","100","Xbox360","Classics"
"1480657234","Puzzle Chronicles","12","200/200","100","Xbox360","Puzzle & Trivia"
"1480657167","Gin Rummy","12","200/200","100","Xbox360, XboxOne, XboxSeries","Card & Board"
"1480660007","Abyss Odyssey","14","400/400","100","Xbox360","Action & Adventure"
"1480659978","The Raven Episode 1","28","400/400","100","Xbox360","Other"
"1480659424","REAL STEEL","12","200/200","100","Xbox360","Fighting, Sports & Recreation"
"1480657310","Toy Soldiers","18","300/300","100","Xbox360, XboxOne, XboxSeries","Action & Adventure, Strategy & Simulation"
"1480657580","Toy Soldiers: Cold War","26","300/300","100","Xbox360, XboxOne, XboxSeries","Other, Action & Adventure, Shooter, Strategy & Simulation"
"1480656993","Battlestar Galactica","12","200/200","100","Xbox360","Action & Adventure"
"1480659981","Child of Light","27","400/400","100","Xbox360","Role Playing"
"1480660029","Mutant Blobs Attack","14","400/400","100","Xbox360, XboxOne, XboxSeries","Platformer, Puzzle & Trivia"
"1480657736","Dead Block","12","200/200","100","Xbox360","Action & Adventure, Strategy & Simulation"
"1480659478","The Wolf Among Us ","35","500/500","100","Xbox360","Action & Adventure"
"1480657336","TROUBLE WITCHES NEO!","12","200/200","100","Xbox360","Shooter"
"1480657795","Charlie Murder","30","400/400","100","Xbox360","Platformer, Fighting"
"1480659601","Way of the Dogg","12","400/400","100","Xbox360","Fighting, Music"
"1480659964","Assassin's Creed III: Liberation HD","30","400/400","100","Xbox360, XboxOne, XboxSeries","Action & Adventure, Role Playing"
"1480657798","Fable Heroes","30","400/400","100","Xbox360, XboxOne, XboxSeries","Action & Adventure, Role Playing"
"1480657181","Fable® II Pub Games","12","200/200","100","Xbox360, XboxOne, XboxSeries","Card & Board"
"1480657269","3 on 3 NHL® Arcade","12","200/200","100","Xbox360","Sports & Recreation"
"1480657754","Awesomenauts","12","200/200","100","Xbox360","Platformer"
"1480660000","Rekoil: Liberator","12","400/400","100","Xbox360","Shooter"
"1480659900","Magrunner: Dark Pulse","24","400/400","100","Xbox360","Action & Adventure"
"1480659459","Bellator: MMA Onslaught","30","400/400","100","Xbox360, XboxOne, XboxSeries","Sports & Recreation, Fighting"
"1480659432","State of Decay","46","600/600","100","Xbox360","Action & Adventure, Strategy & Simulation"
"1480657033","Peggle","15","250/250","100","Xbox360, XboxOne, XboxSeries","Puzzle & Trivia"
"1480660022","Peggle ® 2","28","400/400","100","Xbox360, XboxOne, XboxSeries","Family, Puzzle & Trivia"
"1480657373","Final Fight: DblImpact","12","200/200","100","Xbox360, XboxOne, XboxSeries","Fighting, Classics"
"1480657132","Ticket to Ride™","15","250/250","100","Xbox360, XboxOne, XboxSeries","Strategy & Simulation, Card & Board"
"1480659552","Red Johnson's Chronicles","12","400/400","100","Xbox360","Action & Adventure, Puzzle & Trivia"
"1480657433","Might & Magic Clash of Heroes™","14","220/220","100","Xbox360, XboxOne, XboxSeries","Puzzle & Trivia, Role Playing"
"1480657523","Stacking","21","250/250","100","Xbox360, XboxOne, XboxSeries","Role Playing, Action & Adventure"
"1480659662","Super Time Force","27","400/400","100","Xbox360","Platformer, Shooter"
"1480657186","Shadow Assault/Tenchu","12","200/200","100","Xbox360, XboxOne, XboxSeries","Action & Adventure"
"1480656959","Bomberman LIVE","12","200/200","100","Xbox360","Other, Action & Adventure, Avatar"
"1480657330","Bomberman Battlefest","15","250/250","100","Xbox360, XboxOne, XboxSeries","Action & Adventure, Avatar"
"1480657701","NIN2-JUMP","12","200/200","100","Xbox360, XboxOne, XboxSeries","Action & Adventure"
"1480659525","Jam Live Music Arcade","12","200/200","100","Xbox360","Music, Puzzle & Trivia"
"1480656930","Darwinia+","12","200/200","100","Xbox360, XboxOne, XboxSeries","Strategy & Simulation, Action & Adventure"
"1480659632","Call of Juarez® Gunslinger","26","400/400","100","Xbox360, XboxOne, XboxSeries","Shooter"
"1480657725","HALF-MINUTE HERO -Super Mega Neo Climax-","12","200/200","100","Xbox360, XboxOne, XboxSeries","Action & Adventure, Role Playing"
"1480657165","Penny Arcade Episode 1","12","200/200","100","Xbox360","Role Playing"
"1480657191","Penny Arcade Episode 2","12","200/200","100","Xbox360","Role Playing"
"1480657464","Dance! It's your Stage","12","200/200","100","Xbox360","Music, Family"
"1480657199","Tour de France 2009","12","200/200","100","Xbox360, XboxOne, XboxSeries","Sports & Recreation"
"1480660001","Constant C","15","200/200","100","Xbox360","Platformer, Puzzle & Trivia"
"1414793309","BioShock Infinite","80","1695/1695","100","Xbox360, XboxOne, XboxSeries","Shooter"
"1480659656","Skydive","30","400/400","100","Xbox360, XboxOne, XboxSeries","Sports & Recreation"
"1480656873","Novadrome","12","200/200","100","Xbox360, XboxOne, XboxSeries","Racing & Flying"
"1480657339","Droplitz","12","200/200","100","Xbox360","Puzzle & Trivia"
"1480657803","Mercury Hg","18","300/300","100","Xbox360","Music, Puzzle & Trivia"
"1480657544","Haunted House","12","200/200","100","Xbox360, XboxOne, XboxSeries","Action & Adventure"
"1480657066","1942: Joint Strike","12","200/200","100","Xbox360","Action & Adventure"
"1480659557","Dogfight 1942","22","500/500","100","Xbox360","Racing & Flying"
"1480657278","Battlefield 1943™","12","200/200","100","Xbox360, XboxOne, XboxSeries","Action & Adventure, Shooter"
"1480657425","Unbound Saga","12","200/200","100","Xbox360, XboxOne, XboxSeries","Action & Adventure, Fighting"
"1480659971","Marlow Briggs","29","400/400","100","Xbox360, XboxOne, XboxSeries","Action & Adventure"
"1480659594","LocoCycle","20","400/400","100","Xbox360","Action & Adventure, Racing & Flying"
"1480659518","Far Cry Classic","21","400/400","100","Xbox360, XboxOne, XboxSeries","Shooter, Action & Adventure"
"1480659903","Far Cry® 3 Blood Dragon","19","400/400","100","Xbox360, XboxOne, XboxSeries","Shooter"
"1480659496","Mark of the Ninja","38","500/500","100","Xbox360","Action & Adventure"
"1480657652","Xotic","12","200/200","100","Xbox360","Shooter"
"1480657304","NCAA® Basketball MME","4","200/200","100","Xbox360","Sports & Recreation"
"1480657001","SWOS","12","200/200","100","Xbox360, XboxOne, XboxSeries","Sports & Recreation, Classics"
"1480657389","Madden NFL Arcade","12","200/200","100","Xbox360","Sports & Recreation"
"1480657335","0 day Attack on Earth","12","200/200","100","Xbox360, XboxOne, XboxSeries","Shooter"
"1480659438","RAW","12","200/200","100","Xbox360, XboxOne, XboxSeries","Action & Adventure, Role Playing"
"1480657703","Warlords","12","200/200","100","Xbox360, XboxOne, XboxSeries","Action & Adventure"
"1480659970","HEXODIUS","20","400/400","100","Xbox360","Shooter"
"1480659512","The Cave","27","400/400","100","Xbox360, XboxOne, XboxSeries","Action & Adventure"
"1480659952","CAPSIZED","10","270/400","68","Xbox360","Action & Adventure, Platformer"
"1480659994","Contrast","22","400/400","100","Xbox360","Action & Adventure"
"1480657698","Alien Rage","20","400/400","100","Xbox360","Shooter"
"1480659651","Blood Knights","12","400/400","100","Xbox360, XboxOne, XboxSeries","Action & Adventure"
"1480659949","A.R.E.S.","30","400/400","100","Xbox360","Platformer, Action & Adventure"
"1480659988","The Bridge","20","400/400","100","Xbox360","Puzzle & Trivia"
"1480659655","Castle of Illusion","12","400/400","100","Xbox360, XboxOne, XboxSeries","Action & Adventure, Platformer, Classics"
"1480659904","Mars: War Logs","14","400/400","100","Xbox360, XboxOne, XboxSeries","Role Playing"
"1480657528","Guwange","12","200/200","100","Xbox360, XboxOne, XboxSeries","Shooter, Classics"
"1480657344","Fez","12","200/200","100","Xbox360","Action & Adventure, Platformer, Puzzle & Trivia"
"1480659966","Flashback","12","400/400","100","Xbox360, XboxOne, XboxSeries","Platformer"
"1480657372","Zeno Clash UE","12","200/200","100","Xbox360","Action & Adventure"
"1480659575","Zeno Clash 2","19","400/400","100","Xbox360","Action & Adventure, Fighting"
"1480659954","STORM","12","400/400","100","Xbox360","Puzzle & Trivia"
"1480659603","Narco Terror","20","400/400","100","Xbox360","Shooter"
"1480657456","BattleBlock Theater","30","400/400","100","Xbox360, XboxOne, XboxSeries","Action & Adventure, Platformer"
"1480659957","Thunder Wolves","20","400/400","100","Xbox360","Action & Adventure, Shooter, Racing & Flying"
"1480659913","Hunter's Trophy 2 - America","15","400/400","100","Xbox360","Shooter"
"1480659914","Hunter's Trophy 2 - Australia","15","400/400","100","Xbox360","Shooter"
"1480657692","Insanely Twisted Shadow Planet","17","250/250","100","Xbox360, XboxOne, XboxSeries","Action & Adventure, Shooter"
"1297289127","Insanely Twisted Shadow Planet","17","200/200","100","Xbox360","Action & Adventure, Shooter"
"1480657392","World of Goo","8","200/200","100","Xbox360","Other, Family, Educational, Puzzle & Trivia"
"1480657424","Osmos","11","200/200","100","Xbox360","Other, Action & Adventure, Family, Music, Strategy & Simulation, Educational, Puzzle & Trivia"
"1480657436","CarneyVale: Showtime","12","200/200","100","Xbox360","Platformer"
"1480657387","Tinker","15","200/200","100","Xbox360","Puzzle & Trivia"
"1480657409","Where's Waldo","12","200/200","100","Xbox360","Other, Family, Puzzle & Trivia"
"1480657511","Dust: An Elysian Tail™","30","400/400","100","Xbox360","Platformer, Action & Adventure"
"1480659434","Quarrel","12","200/200","100","Xbox360","Educational, Puzzle & Trivia"
"1480657714","Gatling Gears","12","200/200","100","Xbox360, XboxOne, XboxSeries","Action & Adventure, Shooter"
"1480659445","Joe Danger Special Edition","20","200/200","100","Xbox360, XboxOne, XboxSeries","Platformer, Racing & Flying"
"1480659446","Joe Danger 2: The Movie","38","500/500","100","Xbox360, XboxOne, XboxSeries","Platformer, Racing & Flying"
"1480657370","Serious Sam HD: TFE","12","200/200","100","Xbox360","Shooter, Classics"
"1480657522","Serious Sam HD: TSE","12","200/200","100","Xbox360","Classics, Shooter"
"1480659583","Serious Sam 3: BFE","25","250/250","100","Xbox360","Shooter"
"1480659529","Serious Sam Double D XXL","30","400/400","100","Xbox360","Shooter"
"1480656983","War World","12","200/200","100","Xbox360","Action & Adventure"
"1480659933","Poker Night 2","18","400/400","100","Xbox360","Card & Board"
"1297287440","Forza Motorsport 4","58","1250/1250","100","Xbox360","Racing & Flying, Kinect"
"1480659921","WRC Powerslide","12","400/400","100","Xbox360","Racing & Flying"
"1480657086","Schizoid","12","200/200","100","Xbox360","Action & Adventure"
"1480657675","Wrecked Revenge Revisited   ","12","200/200","100","Xbox360","Action & Adventure, Racing & Flying, Shooter"
"1480659919","God Mode","20","400/400","100","Xbox360","Shooter"
"1480657293","Full House Poker","38","500/500","100","Xbox360","Card & Board, Avatar"
"1480657380","QIX++","12","200/200","100","Xbox360, XboxOne, XboxSeries","Action & Adventure"
"1480657320","0D Beat Drop","12","200/200","100","Xbox360","Puzzle & Trivia"
"1480657351","DEATH BY CUBE","12","200/200","100","Xbox360, XboxOne, XboxSeries","Action & Adventure"
"1297287144","Mass Effect","49","1200/1200","100","Xbox360, XboxOne, XboxSeries","Role Playing"
"1161889998","Mass Effect 2","62","1355/1355","100","Xbox360, XboxOne, XboxSeries","Role Playing"
"1161890141","Mass Effect™ 3","68","1550/1550","100","Xbox360, XboxOne, XboxSeries","Kinect, Action & Adventure, Role Playing"
"1480659612","Virtua Fighter 2","12","400/400","100","Xbox360, XboxOne, XboxSeries","Fighting"
"1480659454","Virtua Fighter 5 Final Showdown","12","400/400","100","Xbox360, XboxOne, XboxSeries","Fighting"
"1480656914","GALAGA","12","200/200","100","Xbox360, XboxOne, XboxSeries","Classics"
"1480657657","Galaga Legions DX","12","200/200","100","Xbox360, XboxOne, XboxSeries","Shooter"
"1480659587","Dollar Dash","20","400/400","100","Xbox360","Action & Adventure, Classics"
"1480659534","JOJO'S BIZARRE ADVENTURE HD Ver.","12","400/400","100","Xbox360","Fighting"
"1480659481","Anomaly Warzone Earth","12","200/200","100","Xbox360, XboxOne, XboxSeries","Strategy & Simulation"
"1480657681","X-MEN","12","200/200","100","Xbox360","Action & Adventure"
"1480657512","Breach","12","200/200","100","Xbox360","Shooter"
"1480657345","PUZZLE BOBBLE Live!","12","200/200","100","Xbox360","Puzzle & Trivia, Avatar"
"1480657729","Zombie Driver HD","30","400/400","100","Xbox360","Shooter, Action & Adventure, Racing & Flying"
"1480657112","Zombie Wranglers","12","200/200","100","Xbox360","Action & Adventure"
"1480657305","Sam&Max Beyond Time...","12","200/200","100","Xbox360, XboxOne, XboxSeries","Action & Adventure, Puzzle & Trivia"
"1480657277","Sam&Max Save the World","12","200/200","100","Xbox360, XboxOne, XboxSeries","Classics, Puzzle & Trivia"
"1480657301","Monkey Island: SE","12","200/200","100","Xbox360, XboxOne, XboxSeries","Action & Adventure, Puzzle & Trivia"
"1480657491","Monkey Island 2: SE","12","200/200","100","Xbox360, XboxOne, XboxSeries","Action & Adventure, Puzzle & Trivia"
"1480657386","Ben 10 The Rise of Hex","12","200/200","100","Xbox360","Family, Action & Adventure"
"1480657297","ARKANOID Live!","12","200/200","100","Xbox360, XboxOne, XboxSeries","Puzzle & Trivia"
"1480659917","Virtua Striker","12","400/400","100","Xbox360","Sports & Recreation"
"1480659909","Virtual-on","12","400/400","100","Xbox360, XboxOne, XboxSeries","Action & Adventure"
"1480659426","Deep Black - Ep. 1","12","200/200","100","Xbox360","Action & Adventure, Shooter"
"1480657161","Blazing Birds","12","200/200","100","Xbox360","Sports & Recreation"
"1480657030","Aces of the Galaxy","12","200/200","100","Xbox360, XboxOne, XboxSeries","Action & Adventure"
"1480657006","Puzzle Fighter HD","12","200/200","100","Xbox360, XboxOne, XboxSeries","Puzzle & Trivia"
"1480659589","Retro City Rampage: DX","20","400/400","100","Xbox360","Action & Adventure"
"1480656876","Bankshot Billiards 2","12","200/200","100","Xbox360, XboxOne, XboxSeries","Sports & Recreation"
"1480657359","Inferno Pool","12","200/200","100","Xbox360","Other, Sports & Recreation, Family"
"1480657810","HELL YEAH! Wrath of the Dead Rabbit","12","400/400","100","Xbox360","Action & Adventure, Platformer"
"1480659613","Fighting Vipers","15","400/400","100","Xbox360, XboxOne, XboxSeries","Fighting"
"1480656886","Texas Hold'em","12","200/200","100","Xbox360, XboxOne, XboxSeries","Card & Board"
"1480657261","Texas Cheat'em","12","200/200","100","Xbox360","Avatar, Card & Board"
"1480659531","The Expendables 2 Videogame","21","400/400","100","Xbox360","Shooter"
"1112737777","DOOM 3 BFG Edition","50","600/600","100","Xbox360, XboxOne, XboxSeries","Shooter"
"1480656932","DOOM","12","200/200","100","Xbox360, XboxOne, XboxSeries","Shooter, Classics"
"1480657334","DOOM II (Classic)","12","200/200","100","Xbox360, XboxOne, XboxSeries","Action & Adventure, Shooter"
"1480657365","Puzzlegeddon","12","200/200","100","Xbox360, XboxOne, XboxSeries","Puzzle & Trivia"
"1480657107","Boogie Bunnies","12","200/200","100","Xbox360","Puzzle & Trivia"
"1480657070","Brain Challenge™","12","200/200","100","Xbox360, XboxOne, XboxSeries","Educational, Avatar, Puzzle & Trivia"
"1480657113","TiQal","12","200/200","100","Xbox360","Educational, Puzzle & Trivia"
"1480659546","Counter-Strike: GO","12","400/400","100","Xbox360, XboxOne, XboxSeries","Shooter"
"1480657017","Shred Nebula","12","200/200","100","Xbox360, XboxOne, XboxSeries","Action & Adventure, Shooter"
"1480657197","Axel & Pixel","12","200/200","100","Xbox360, XboxOne, XboxSeries","Puzzle & Trivia, Family"
"1414596703","Red Faction: Armageddon","58","1250/1250","100","Xbox360, XboxOne, XboxSeries","Shooter, Action & Adventure"
"1161889807","The Orange Box","99","1000/1000","100","Xbox360, XboxOne, XboxSeries","Puzzle & Trivia, Shooter, Action & Adventure"
"1480657805","Deadlight","30","400/400","100","Xbox360","Action & Adventure, Platformer"
"1480657154","The Dishwasher","12","200/200","100","Xbox360","Fighting, Action & Adventure"
"1480657441","The Dishwasher: VS","12","200/200","100","Xbox360","Platformer, Action & Adventure"
"1480657519","DeathSpank","12","200/200","100","Xbox360","Role Playing, Action & Adventure"
"1480657547","DeathSpank: T.O.V.","13","215/215","100","Xbox360, XboxOne, XboxSeries","Role Playing, Action & Adventure"
"1480659429","DeathSpank: The Baconing","12","200/200","100","Xbox360","Role Playing, Action & Adventure"
"1480657212","Wallace & Gromit #1","12","200/200","100","Xbox360","Puzzle & Trivia, Family"
"1480657273","Wallace & Gromit #2","12","200/200","100","Xbox360","Puzzle & Trivia, Family"
"1480657274","Wallace & Gromit #3","12","200/200","100","Xbox360","Puzzle & Trivia, Family"
"1480657275","Wallace & Gromit #4","12","200/200","100","Xbox360","Family, Puzzle & Trivia"
"1480657500","Adventures of Shuggy","12","200/200","100","Xbox360","Action & Adventure, Platformer"
"1480657722","I Am Alive™","12","200/200","100","Xbox360, XboxOne, XboxSeries","Action & Adventure"
"1480657311","The Path of Go","12","200/200","100","Xbox360","Card & Board, Puzzle & Trivia, Avatar"
"1480657291","Yosumin! LIVE","15","250/250","100","Xbox360, XboxOne, XboxSeries","Family, Puzzle & Trivia"
"1480657737","SkyDrift","12","200/200","100","Xbox360","Racing & Flying"
"1480657271","Interpol","12","200/200","100","Xbox360, XboxOne, XboxSeries","Family, Puzzle & Trivia"
"1480657726","Star Raiders","12","200/200","100","Xbox360","Action & Adventure"
"1480659488","AMY","12","200/200","100","Xbox360","Action & Adventure"
"1480657287","Scrap Metal","12","200/200","100","Xbox360, XboxOne, XboxSeries","Racing & Flying, Shooter"
"1480657064","Vigilante 8 Arcade","12","200/200","100","Xbox360","Action & Adventure"
"1480657316","Shinobi","12","200/200","100","Xbox360, XboxOne, XboxSeries","Classics"
"1480657388","Polar Panic","12","200/200","100","Xbox360","Puzzle & Trivia, Action & Adventure"
"1480657314","Altered Beast","12","200/200","100","Xbox360, XboxOne, XboxSeries","Classics"
"1480657649","Boulder Dash-XL","12","200/200","100","Xbox360","Puzzle & Trivia, Classics, Family"
"1480659450","The Simpsons™ Arcade Game","12","200/200","100","Xbox360","Classics"
"1480657294","Star Trek: D·A·C","14","235/235","100","Xbox360","Shooter"
"1480656998","Chessmaster Live","12","200/200","100","Xbox360","Card & Board, Other"
"1480657147","Lost Cities","12","200/200","100","Xbox360","Card & Board"
"1480657004","Bliss Island","12","200/200","100","Xbox360","Family, Puzzle & Trivia"
"1480657285","Virtual-On OT","12","200/200","100","Xbox360, XboxOne, XboxSeries","Action & Adventure"
"1480657039","Discs Of Tron","12","200/200","100","Xbox360, XboxOne, XboxSeries","Classics"
"1480656999","ElementsOfDestruction","12","200/200","100","Xbox360, XboxOne, XboxSeries","Action & Adventure"
"1480657168","Death Tank","12","200/200","100","Xbox360","Action & Adventure"
"1480657180","METEOS WARS","12","200/200","100","Xbox360","Puzzle & Trivia"
"1480657379","Lucidity","12","200/200","100","Xbox360","Action & Adventure, Platformer, Puzzle & Trivia"
"1480657516","Red Faction: Battlegrounds ","16","250/250","100","Xbox360, XboxOne, XboxSeries","Action & Adventure, Shooter"
"1480657462","Things on Wheels","15","250/250","100","Xbox360","Racing & Flying"
"1480657423","Days of Thunder Arcade","12","200/200","100","Xbox360","Racing & Flying"
"1480657061","Omega Five","12","200/200","100","Xbox360, XboxOne, XboxSeries","Action & Adventure"
"1480657247","Lazy Raiders","12","200/200","100","Xbox360, XboxOne, XboxSeries","Action & Adventure, Puzzle & Trivia, Avatar"
"1480657095","Shrek-n-Roll","12","200/200","100","Xbox360","Family"
"1480659420","Warp™","12","200/200","100","Xbox360","Puzzle & Trivia, Platformer, Action & Adventure"
"1480659418","Jeremy McGrath's Offroad","12","200/200","100","Xbox360, XboxOne, XboxSeries","Racing & Flying"
"1480659550","Joy Ride Turbo","12","200/200","100","Xbox360, XboxOne, XboxSeries","Sports & Recreation, Racing & Flying, Avatar, Family"
"1397819386","DEUS EX: HUMAN REVOLUTION","59","1250/1250","100","Xbox360, XboxOne, XboxSeries","Shooter, Action & Adventure"
"1480656990","Marathon: Durandal","15","250/250","100","Xbox360, XboxOne, XboxSeries","Shooter, Classics"
"1480659451","Shoot Many Robots","12","200/200","100","Xbox360","Role Playing, Shooter, Action & Adventure"
"1480657807","Voltron","12","200/200","100","Xbox360","Shooter"
"1161890066","Portal 2","50","1000/1000","100","Xbox360, XboxOne, XboxSeries","Action & Adventure"
"1480659507","Alan Wake's American Nightmare ®","12","200/200","100","Xbox360, XboxOne, XboxSeries","Action & Adventure, Shooter"
"1480659506","Choplifter HD","12","200/200","100","Xbox360","Action & Adventure"
"1480659460","All Zombies Must Die!","12","200/200","100","Xbox360","Action & Adventure"
"1480657259","Ion Assault","12","200/200","100","Xbox360","Action & Adventure, Shooter"
"1480657563","Trine 2","12","200/200","100","Xbox360, XboxOne, XboxSeries","Action & Adventure, Platformer"
"1480657598","Renegade Ops","15","250/250","100","Xbox360","Action & Adventure, Shooter"
"1480657541","Voodoo Dice","12","200/200","100","Xbox360","Puzzle & Trivia"
"1480657490","Voodoo Dice","12","200/200","100","Xbox360","Puzzle & Trivia"
"1480657766","Bastion","12","200/200","100","Xbox360","Action & Adventure, Role Playing"
"1480657249","ZOMBIE APOCALYPSE","12","200/200","100","Xbox360","Shooter"
"1480657782","Zombie Apocalypse: Never Die Alone","15","250/250","100","Xbox360","Shooter"
"1480657496","TNT Racers","14","250/250","100","Xbox360","Family, Racing & Flying"
"1480657435","ilomilo ","15","250/250","100","Xbox360, XboxOne, XboxSeries","Platformer, Puzzle & Trivia"
"1480657515","Fusion: Genesis","20","200/200","100","Xbox360","Role Playing, Shooter"
"1480657693","DAYTONA USA","12","200/200","100","Xbox360, XboxOne, XboxSeries","Racing & Flying, Classics"
"1161890152","Crysis","40","1000/1000","100","Xbox360, XboxOne, XboxSeries","Shooter"
"1297287245","Forza Motorsport 3","50","1000/1000","100","Xbox360","Racing & Flying"
"1161890070","Alice: Madness Returns","50","1000/1000","100","Xbox360, XboxOne, XboxSeries","Action & Adventure"
"1480657075","Rez HD","12","200/200","100","Xbox360","Shooter"
"1480657246","Ancients of Ooga","15","250/250","100","Xbox360","Action & Adventure, Platformer"
"1480657553","From Dust™","12","200/200","100","Xbox360, XboxOne, XboxSeries","Other, Strategy & Simulation"
"1112737760","Fallout: New Vegas","75","1655/1655","100","Xbox360, XboxOne, XboxSeries","Action & Adventure, Role Playing, Shooter"
"1480657602","SEGA Rally Online Arcade","12","200/200","100","Xbox360","Action & Adventure, Sports & Recreation, Family, Racing & Flying"
"1480657010","E4","12","200/200","100","Xbox360, XboxOne, XboxSeries","Action & Adventure"
"1161890031","Bulletstorm™","60","1250/1250","100","Xbox360","Shooter"
"1480657671","Swarm","12","200/200","100","Xbox360","Action & Adventure, Platformer"
"1480657322","Islands of Wakfu ®","12","200/200","100","Xbox360, XboxOne, XboxSeries","Action & Adventure, Role Playing"
"1480657763","Ugly Americans: Apocalypsegeddon","12","200/200","100","Xbox360, XboxOne, XboxSeries","Role Playing, Shooter, Action & Adventure"
"1480657430","Chime","12","200/200","100","Xbox360","Music, Puzzle & Trivia"
"1480657746","Warhammer® 40,000®: Kill Team™","12","200/200","100","Xbox360","Action & Adventure, Shooter"
"1263405058","Saw","46","1000/1000","100","Xbox360","Other, Action & Adventure"
"1480657545","Ghostbusters: Sanctum of Slime","12","200/200","100","Xbox360, XboxOne, XboxSeries","Shooter, Action & Adventure"
"1480657730","Battle: Los Angeles","12","200/200","100","Xbox360","Action & Adventure"
"1480657463","Duke Nukem - Manhattan","12","200/200","100","Xbox360, XboxOne, XboxSeries","Action & Adventure, Shooter"
"1480657413","Outland","12","200/200","100","Xbox360, XboxOne, XboxSeries","Platformer, Action & Adventure"
"1480657534","Torchlight","12","200/200","100","Xbox360, XboxOne, XboxSeries","Action & Adventure, Role Playing"
"1397032934","SEGA Rally™","44","1000/1000","100","Xbox360","Racing & Flying"
"1480657248","Portal: Still Alive","12","200/200","100","Xbox360, XboxOne, XboxSeries","Puzzle & Trivia"
"1480657184","Raskulls","18","300/300","100","Xbox360, XboxOne, XboxSeries","Family, Platformer"
"1480656987","Lode Runner™","15","250/250","100","Xbox360, XboxOne, XboxSeries","Classics, Action & Adventure"
"1480657440","Comic Jumper","12","200/200","100","Xbox360, XboxOne, XboxSeries","Action & Adventure, Platformer"
"1480657498","Super Meat Boy","12","200/200","100","Xbox360, XboxOne, XboxSeries","Platformer, Action & Adventure"
"1161889840","Left 4 Dead","65","1500/1500","100","Xbox360, XboxOne, XboxSeries","Action & Adventure, Shooter"
"1480657137","BionicCommando:Rearmed","12","200/200","100","Xbox360","Action & Adventure"
"1480657015","Pac-Man C.E.","12","200/200","100","Xbox360, XboxOne, XboxSeries","Action & Adventure"
"1480657391","Hydrophobia","12","200/200","100","Xbox360, XboxOne, XboxSeries","Action & Adventure, Shooter"
"1480657331","Bloody Good Time","12","200/200","100","Xbox360","Shooter"
"1480657369","Winterbottom","12","200/200","100","Xbox360, XboxOne, XboxSeries","Platformer, Puzzle & Trivia"
"1480657333","Snoopy Flying Ace","15","250/250","100","Xbox360","Racing & Flying, Avatar, Shooter"
"1480657090","The Maw","15","250/250","100","Xbox360, XboxOne, XboxSeries","Action & Adventure"
"1480657564","MicroBot","12","200/200","100","Xbox360","Action & Adventure, Shooter"
"1480656943","Band of Bugs","15","250/250","100","Xbox360, XboxOne, XboxSeries","Strategy & Simulation, Avatar"
"1480656913","PAC-MAN","12","200/200","100","Xbox360, XboxOne, XboxSeries","Classics"
"1480657350","Gyromancer","15","250/250","100","Xbox360, XboxOne, XboxSeries","Puzzle & Trivia, Role Playing"
"1414793191","Borderlands","80","1750/1750","100","Xbox360, XboxOne, XboxSeries","Shooter"
"1480657207","BC:Rearmed","12","200/200","100","Xbox360","Action & Adventure"
"1480656951","MS.PAC-MAN","12","200/200","100","Xbox360, XboxOne, XboxSeries","Classics"
"1480657571","Alien Breed 3: Descent","12","200/200","100","Xbox360","Action & Adventure, Shooter"
"1480657442","Alien Breed 2: Assault","12","200/200","100","Xbox360","Action & Adventure, Shooter"
"1480657497","Lara Croft: GoL","12","200/200","100","Xbox360, XboxOne, XboxSeries","Action & Adventure"
"1480657252","Alien Breed Episode 1","12","200/200","100","Xbox360","Action & Adventure, Shooter"
"1480656855","Marble Blast Ultra","15","250/250","100","Xbox360","Platformer, Action & Adventure"
"1480657542","Blade Kitten","12","200/200","100","Xbox360","Action & Adventure"
"1480657532","Spare Parts™","12","200/200","100","Xbox360","Action & Adventure"
"1480657054","GripShift","15","250/250","100","Xbox360, XboxOne, XboxSeries","Racing & Flying, Action & Adventure"
"1297287173","Alan Wake","67","1500/1500","100","Xbox360, XboxOne, XboxSeries","Action & Adventure, Shooter"
"1480657520","Harms Way","12","200/200","100","Xbox360, XboxOne, XboxSeries","Racing & Flying, Shooter"
"1480657548","PAC-MAN CE DX+","12","200/200","100","Xbox360, XboxOne, XboxSeries","Action & Adventure"
"1128466397","Bionic Commando","49","1000/1000","100","Xbox360","Shooter, Action & Adventure"
"1480657577","Zeit²","12","200/200","100","Xbox360","Shooter, Action & Adventure"
"1480657527","Faery: Legends of Avalon","12","200/200","100","Xbox360, XboxOne, XboxSeries","Action & Adventure, Role Playing"
"1480657139","Roogoo","12","200/200","100","Xbox360","Puzzle & Trivia"
"1480657374","BC - Rearmed 2","12","200/200","100","Xbox360, XboxOne, XboxSeries","Action & Adventure, Platformer"
"1414793230","BioShock","51","1100/1100","100","Xbox360, XboxOne, XboxSeries","Action & Adventure, Shooter"
"1297319937","Big Bumpin","12","200/200","100","Xbox360","Action & Adventure"
"1480657361","LIMBO","12","200/200","100","Xbox360, XboxOne, XboxSeries","Platformer, Puzzle & Trivia"
"1431504878","IMPORT TUNER CHALLENGE","27","1000/1000","100","Xbox360","Racing & Flying"
"1480657349","Aqua","12","200/200","100","Xbox360, XboxOne, XboxSeries","Action & Adventure, Strategy & Simulation"
"1480657469","Monday Night Combat","12","200/200","100","Xbox360, XboxOne, XboxSeries","Shooter, Strategy & Simulation"
"1480657353","Matt Hazard: BBB","12","200/200","100","Xbox360, XboxOne, XboxSeries","Platformer, Shooter"
"1480657313","Comix Zone","12","200/200","100","Xbox360, XboxOne, XboxSeries","Classics"
"1297319938","Sneak King","12","200/200","100","Xbox360","Action & Adventure"
"1480657414","After Burner Climax","12","200/200","100","Xbox360","Shooter"
"1480657185","CellFactor: PW","12","200/200","100","Xbox360","Shooter"
"1480657300","KrissX®","12","200/200","100","Xbox360","Puzzle & Trivia"
"1480657153","Duke Nukem 3D","12","200/200","100","Xbox360","Shooter, Classics"
"1112737749","Fallout 3","72","1550/1550","100","Xbox360, XboxOne, XboxSeries","Role Playing"
"1480657352","Madballs Babo:Invasion","12","200/200","100","Xbox360, XboxOne, XboxSeries","Action & Adventure, Shooter, Avatar"
"1480657312","WATCHMEN PART 2","12","200/200","100","Xbox360","Action & Adventure"
"1480657021","Coffeetime Crosswords™","12","200/200","100","Xbox360","Puzzle & Trivia"
"1480657262","WATCHMEN","12","200/200","100","Xbox360","Action & Adventure"
"1297319939","Pocketbike Racer","12","200/200","100","Xbox360","Racing & Flying"
"1414793313","BioShock 2","68","1400/1400","100","Xbox360, XboxOne, XboxSeries","Action & Adventure, Shooter"
"1480657281","Family Game Night","91","1850/1850","100","Xbox360","Card & Board, Avatar, Family"
"1480657239","Call of Duty® Classic","12","200/200","100","Xbox360","Classics"
"1414793176","BioShock","51","1100/1100","100","Xbox360, XboxOne, XboxSeries","Shooter, Action & Adventure"
"1480657002","Boom Boom Rocket","12","200/200","100","Xbox360, XboxOne, XboxSeries","Action & Adventure"
"1297287121","PGR 3","25","1000/1000","100","Xbox360","Racing & Flying"
"1480656955","Tetris Splash","12","200/200","100","Xbox360","Puzzle & Trivia"
"1480656863","Gauntlet","12","200/200","100","Xbox360","Classics"
"1480657055","SpongeBob UnderPants!","12","200/200","100","Xbox360, XboxOne, XboxSeries","Family"
"1480657005","Streets of Rage 2","12","200/200","100","Xbox360","Classics"
"1480657256","OutRun™ Online Arcade","12","200/200","100","Xbox360","Racing & Flying"
"1480657319","Wolfenstein 3D","12","200/200","100","Xbox360","Action & Adventure, Shooter"
"1480656966","Alien Hominid HD","12","200/200","100","Xbox360, XboxOne, XboxSeries","Platformer, Action & Adventure"
"1480656849","Hexic HD","12","200/200","100","Xbox360, XboxOne, XboxSeries","Puzzle & Trivia"
"1480656881","Feeding Frenzy","12","200/200","100","Xbox360, XboxOne, XboxSeries","Action & Adventure, Puzzle & Trivia"
"1480656871","Cloning Clyde","12","200/200","100","Xbox360, XboxOne, XboxSeries","Action & Adventure, Platformer"
"1480657160","Gel","12","200/200","100","Xbox360","Action & Adventure, Puzzle & Trivia"
"1480656994","Golden Axe","12","200/200","100","Xbox360, XboxOne, XboxSeries","Classics"
"1480656954","Fatal Fury Special","12","200/200","100","Xbox360","Classics"
"1480656964","Geon","12","200/200","100","Xbox360","Action & Adventure"
"1480656934","Hexic 2","12","200/200","100","Xbox360, XboxOne, XboxSeries","Puzzle & Trivia"
"1480656903","Arkadian Warriors","12","200/200","100","Xbox360","Action & Adventure, Fighting, Role Playing"
"1480656933","Eets: Chowdown","12","200/200","100","Xbox360","Puzzle & Trivia"
"1112934361","Pure","50","1000/1000","100","Xbox360, XboxOne, XboxSeries","Racing & Flying"
"1229391844","Race Pro","50","1000/1000","100","Xbox360","Racing & Flying, Strategy & Simulation"
"1480657355","Wolfenstein 3D","12","200/200","100","Xbox360, XboxOne, XboxSeries","Action & Adventure, Shooter"
"1480657056","Puzzle Arcade","12","200/200","100","Xbox360","Other, Puzzle & Trivia"
"1480657036","Feeding Frenzy 2","12","200/200","100","Xbox360, XboxOne, XboxSeries","Action & Adventure, Family"
"1128466386","DEAD RISING","50","1000/1000","100","Xbox360","Action & Adventure"
"1480657318","Gunstar Heroes","12","200/200","100","Xbox360, XboxOne, XboxSeries","Classics"
"1414596609","Cars MN","16","1000/1000","100","Xbox360, XboxOne, XboxSeries","Family, Racing & Flying"
"1480657163","Dash of Destruction","12","200/200","100","Xbox360","Action & Adventure, Racing & Flying"
"1480657011","Undertow","12","200/200","100","Xbox360, XboxOne, XboxSeries","Action & Adventure"
"1480657079","Castle Crashers","12","200/200","100","Xbox360, XboxOne, XboxSeries","Action & Adventure, Role Playing"
"1480657069","R-Type Dimensions™","12","200/200","100","Xbox360, XboxOne, XboxSeries","Shooter, Classics"
"1480656885","Spyglass Board Games","12","200/200","100","Xbox360","Card & Board"
"1480656882","Astropop","12","200/200","100","Xbox360, XboxOne, XboxSeries","Action & Adventure, Puzzle & Trivia"
"1480657067","WOTB: Commando 3","12","200/200","100","Xbox360, XboxOne, XboxSeries","Action & Adventure"
"1480657204","PowerUp Forever","12","200/200","100","Xbox360","Shooter"
"1480656958","Catan","12","200/200","100","Xbox360","Card & Board"
"1480656950","DIG DUG","12","200/200","100","Xbox360, XboxOne, XboxSeries","Classics"
"1480656960","Carcassonne","12","200/200","100","Xbox360, XboxOne, XboxSeries","Strategy & Simulation, Card & Board"
"1480656878","Crystal Quest","12","200/200","100","Xbox360, XboxOne, XboxSeries","Classics, Shooter"
"1480657102","Braid","12","200/200","100","Xbox360, XboxOne, XboxSeries","Platformer, Puzzle & Trivia"
"1480657062","Wits & Wagers","12","200/200","100","Xbox360","Family, Puzzle & Trivia"
"1480656853","Small Arms","14","235/235","100","Xbox360, XboxOne, XboxSeries","Action & Adventure, Avatar"
"1480656916","Scramble","12","200/200","100","Xbox360, XboxOne, XboxSeries","Classics, Shooter"
"1480656861","Wik: Fable of Souls","12","200/200","100","Xbox360","Action & Adventure, Platformer"
"1480656923","Track and Field","12","200/200","100","Xbox360","Classics"
"1480656874","Jewel Quest","12","200/200","100","Xbox360, XboxOne, XboxSeries","Puzzle & Trivia"
"1480657145","Sealife Safari","12","200/200","100","Xbox360","Family"
"1480656949","NEW RALLY-X","12","200/200","100","Xbox360, XboxOne, XboxSeries","Classics"
"1480656909","Luxor 2","12","200/200","100","Xbox360, XboxOne, XboxSeries","Puzzle & Trivia"
"1480656919","Gyruss","12","200/200","100","Xbox360, XboxOne, XboxSeries","Classics"
"1480657023","Yaris","12","200/200","100","Xbox360","Action & Adventure"
"1480656912","Heavy Weapon","12","200/200","100","Xbox360, XboxOne, XboxSeries","Action & Adventure"
"1414793198","The Darkness","50","1000/1000","100","Xbox360, XboxOne, XboxSeries","Action & Adventure, Shooter"
"1480657057","Golf: Tee It Up!","12","200/200","100","Xbox360, XboxOne, XboxSeries","Sports & Recreation"
"1480657044","XEVIOUS","12","200/200","100","Xbox360","Classics"
"1480656917","Time Pilot","12","200/200","100","Xbox360, XboxOne, XboxSeries","Classics"
"1480656880","Street Trace:NYC","12","200/200","100","Xbox360","Action & Adventure"
"1480657012","Word Puzzle","12","200/200","100","Xbox360, XboxOne, XboxSeries","Puzzle & Trivia"
"1480656945","TotemBall","12","200/200","100","Xbox360","Other, Action & Adventure"
"1414596567","Tetris Evolution","40","1000/1000","100","Xbox360","Other"
"1431504872","Open Season","46","1000/1000","100","Xbox360","Action & Adventure, Family"
"1297287154","Viva Piñata","50","1000/1000","100","Xbox360, XboxOne, XboxSeries","Family"
"1112737745","Oblivion","60","1250/1250","100","Xbox360, XboxOne, XboxSeries","Role Playing"
"1431504888","TMNT","23","1000/1000","100","Xbox360","Action & Adventure"
"1161889753","NFS Most Wanted","15","1000/1000","100","Xbox360","Action & Adventure, Racing & Flying"
"1414793184","Prey","44","1000/1000","100","Xbox360, XboxOne, XboxSeries","Action & Adventure, Shooter"
"1161889756","Burnout Revenge","36","1000/1000","100","Xbox360, XboxOne, XboxSeries","Racing & Flying"
"1397032914","Condemned","50","970/970","100","Xbox360, XboxOne, XboxSeries","Action & Adventure, Shooter"
"1431504859","Blazing Angels","7","1000/1000","100","Xbox360, XboxOne, XboxSeries","Action & Adventure, Fighting, Strategy & Simulation"
"1431504851","King Kong","9","1000/1000","100","Xbox360, XboxOne, XboxSeries","Shooter, Action & Adventure"
"1279330257","LEGO Star Wars II","29","1000/1000","100","Xbox360, XboxOne, XboxSeries","Family"
"1297287146","Forza Motorsport 2","44","1000/1000","100","Xbox360","Racing & Flying"
"1129121769","Clive Barker's Jericho","42","1000/1000","100","Xbox360","Action & Adventure, Shooter"
"1431504911","Lost Via Domus","30","1000/1000","100","Xbox360","Action & Adventure"
"1396901844","Tomb Raider:Legend","23","1000/1250","80","Xbox360, XboxOne, XboxSeries","Action & Adventure, Strategy & Simulation"
"1297287161","PGR 4","60","1250/1250","100","Xbox360","Racing & Flying"
